center_row_px,sin_coefficient_px,cos_coefficient_px,amplitude_px,phase_deg,support_fraction,valid_fraction,sectors,max_gap_fraction,rmse_px,quality_score,support_excess,longest_chain_fraction,review_flag,feature_type,evidence_kind,candidate_id,borehole,channel,annotated_input,calibration_status,geographic_orientation_status,depth_m,amplitude_m,borehole_relative_dip_deg,true_dip_deg,true_dip_azimuth_deg
3579.264489107123,-6.16502029538553,3.1160422385036837,6.907763348194155,153.18618216404448,0.5822784810126582,1.0,8,0.13924050632911392,0.99888365819139,0.33879619409692685,0.4715189873417721,0.2848101265822785,,unclassified_planar_candidate,dark_ridge,1,BH02,optical,False,provisional_report_ticks,unknown,10.93308746109687,0.0246705833864077,,,
3590.633417675869,-4.303496335771746,-2.947466176811237,5.216094091889745,214.40725739823125,0.569620253164557,1.0,6,0.15822784810126583,0.954457759963983,0.3388904703381185,0.4857594936708861,0.24050632911392406,,unclassified_planar_candidate,bright_ridge,2,BH02,optical,False,provisional_report_ticks,unknown,10.97369077741382,0.018628907471034805,,,
3677.674714797263,4.705292133735471,2.820206671523004,5.485739670627449,30.937169432728755,0.5759493670886076,1.0,7,0.1962025316455696,1.1946612254515547,0.3010373326469211,0.4841772151898734,0.18354430379746836,,unclassified_planar_candidate,dark_ridge,3,BH02,optical,False,provisional_report_ticks,unknown,11.28455255284737,0.019591927395098036,,,
3709.519796360517,-4.79223672886878,-7.245669327974639,8.687074126302331,236.51961917724395,0.5063291139240507,1.0,6,0.24050632911392406,1.0374056951008017,0.19806966006944957,0.36392405063291144,0.21518987341772153,,unclassified_planar_candidate,bright_ridge,4,BH02,optical,False,provisional_report_ticks,unknown,11.398284987001848,0.031025264736794043,,,
3726.0826058199373,-6.117230731597692,-4.402950595533999,7.537007746467853,215.7449077555888,0.5063291139240507,1.0,7,0.14556962025316456,1.2912523475849367,0.22700465149004845,0.4034810126582279,0.16455696202531644,,unclassified_planar_candidate,dark_ridge,5,BH02,optical,False,provisional_report_ticks,unknown,11.45743787792835,0.026917884808813762,,,
3814.3634769389596,7.834413458712313,5.465203813534256,9.552302704872893,34.899219216396816,0.5063291139240507,1.0,7,0.12025316455696203,1.120579559905365,0.2532348843059064,0.41297468354430383,0.20253164556962025,,unclassified_planar_candidate,bright_ridge,6,BH02,optical,False,provisional_report_ticks,unknown,11.77272670335343,0.034115366803117476,,,
4125.374873120531,-7.594848336614365,-1.4365243664103013,7.729509914054351,190.71065517013938,0.6139240506329114,1.0,8,0.0759493670886076,1.2892496068704116,0.26749817239659135,0.3623417721518988,0.1962025316455696,,unclassified_planar_candidate,dark_ridge,7,BH02,optical,False,provisional_report_ticks,unknown,12.883481689716186,0.027605392550194112,,,
4135.419692014224,-6.564137767956302,-1.5981840421203577,6.755893491552284,193.6836835076918,0.6392405063291139,1.0,8,0.06962025316455696,0.8477618116654407,0.4142802323919822,0.4620253164556962,0.189873417721519,,unclassified_planar_candidate,dark_ridge,8,BH02,optical,False,provisional_report_ticks,unknown,12.919356042907944,0.024128191041258157,,,
4151.023532746503,-2.0402894619980927,1.2737249546308786,2.4052351961481646,148.02402775630998,0.5759493670886076,1.0,7,0.08227848101265822,0.8518292633756791,0.3160581133289664,0.39715189873417717,0.15822784810126583,,unclassified_planar_candidate,bright_ridge,9,BH02,optical,False,provisional_report_ticks,unknown,12.975084045523229,0.00859012570052916,,,
4175.389972389991,-1.6442103416638436,-4.8231494841740785,5.095703935112695,251.1757706429595,0.8544303797468354,1.0,8,0.02531645569620253,0.9867164578800351,0.5993747975206987,0.685126582278481,0.5569620253164557,,unclassified_planar_candidate,dark_ridge,10,BH02,optical,False,provisional_report_ticks,unknown,13.06210704424997,0.018198942625402486,,,
4185.537179062075,-4.96431558822914,-4.631370975635237,6.7892581607633185,223.01278718745803,0.5379746835443038,1.0,6,0.2088607594936709,1.1308424594280422,0.2716244120465891,0.4651898734177215,0.18354430379746836,,unclassified_planar_candidate,bright_ridge,11,BH02,optical,False,provisional_report_ticks,unknown,13.09834706807884,0.02424735057415471,,,
4198.440394575504,1.0068967292966742,1.1231821960144377,1.508436034080383,48.12479471335949,0.5822784810126582,1.0,6,0.15822784810126583,1.125219346341912,0.3304514951995889,0.49050632911392406,0.1962025316455696,near_horizontal_check_acquisition_artifact,unclassified_planar_candidate,dark_ridge,12,BH02,optical,False,provisional_report_ticks,unknown,13.144429980626802,0.005387271550287083,,,
4238.357120265206,-4.798117576193896,0.18650159609159905,4.801740842686692,177.7740483671943,0.6835443037974683,1.0,7,0.10126582278481013,0.6768100400437548,0.49025229726588493,0.6487341772151899,0.4430379746835443,,unclassified_planar_candidate,dark_ridge,13,BH02,optical,False,provisional_report_ticks,unknown,13.28698971523288,0.017149074438166757,,,
5442.5592916467085,-2.043043707004846,-0.5415686552975103,2.113604550792995,194.8464739562509,0.5759493670886076,1.0,8,0.06329113924050633,0.8868663584873274,0.4014226545920302,0.5727848101265822,0.17721518987341772,,unclassified_planar_candidate,dark_ridge,14,BH02,optical,False,provisional_report_ticks,unknown,17.587711755881102,0.007548587681403553,,,
5690.002421757788,0.9915648652869614,-4.324684997457705,4.436902208670741,282.913591742005,0.5632911392405063,1.0,7,0.1962025316455696,1.0765368017170287,0.28923153978586513,0.4572784810126582,0.27848101265822783,,unclassified_planar_candidate,dark_ridge,15,BH02,optical,False,provisional_report_ticks,unknown,18.47143722056353,0.01584607931668122,,,
6049.84504241456,-1.6953846799454295,-1.530047739460437,2.283719618959749,222.06556410292546,0.7025316455696202,1.0,8,0.0379746835443038,0.4148076292800806,0.5885763914493145,0.5933544303797468,0.1962025316455696,,unclassified_planar_candidate,dark_ridge,16,BH02,optical,False,provisional_report_ticks,unknown,19.756589437194858,0.008156141496284817,,,
6056.06348399756,-6.972476574768324,-9.050396954757671,11.42475884316076,232.3891421809471,0.5379746835443038,1.0,6,0.13291139240506328,1.1436421372432186,0.27425085101350977,0.430379746835443,0.3037974683544304,,unclassified_planar_candidate,dark_ridge,17,BH02,optical,False,provisional_report_ticks,unknown,19.778798157134144,0.04080271015414558,,,
6408.042289334184,-1.5801646010727106,-2.0389752933372516,2.5796008244150896,232.22503990082205,0.8607594936708861,1.0,8,0.06962025316455696,0.668070619624543,0.6409570685274462,0.8338607594936709,0.8164556962025317,,unclassified_planar_candidate,dark_ridge,18,BH02,optical,False,provisional_report_ticks,unknown,21.035865319050657,0.00921286008719675,,,
6912.4623100330155,-6.389878268563214,0.36010416621422625,6.4000171326006035,176.77448502833363,0.5253164556962026,1.0,8,0.11392405063291139,0.9212154472371981,0.33047994960853355,0.4825949367088608,0.16455696202531644,,unclassified_planar_candidate,dark_ridge,19,BH02,optical,False,provisional_report_ticks,unknown,22.837365392975055,0.022857204045002157,,,
7391.547424259902,-3.752259662980258,-4.774389692844504,6.072417106685653,231.83569934686747,0.8417721518987342,1.0,8,0.02531645569620253,0.846920522477582,0.6186626317727523,0.8322784810126582,0.20253164556962025,,unclassified_planar_candidate,dark_ridge,20,BH02,optical,False,provisional_report_ticks,unknown,24.54838365807108,0.02168720395244876,,,
